{"BaiBSHYWkTFwxSRP2kuNxg==":"mbr-1920x1280.jpg","uOMTLdsnTxO8DkXtgtiW7A==":"mbr-1920x1276.jpg","AkRADfJZRHK1ONWs0YQy8A==":"mbr-806x536.jpg","8IO+AiSOwsZEx8sVQ01/EA==":"mbr-616x231.jpg","DIV3t6m4s9u9ftAF2NYB8g==":"mbr-984x657.jpg","zzVsW0nEYJTqPlMiYdC+Xw==":"mbr-984x656.jpg","gcu96d+Eoki/B0cfroGsFg==":"mbr-984x655.jpg","mIIbxW0r7dEZSbMPwcoYdg==":"background2.jpg","pa5Dkwo/T1qgW/t0h+fQvA==":"background5.jpg","UAc7kepzJPkrSn4uqTRvmw==":"background4.jpg","OM6hTwqMAQpTVhLcPG86xg==":"background1.jpg","t7rcncQ53I1EyCRP1VNDJg==":"escudopngmini_400x400-348x348.png","V1iCoc+rpZwgumtu0bDtcQ==":"mbr-492x329.jpg","BRkkuiV7K0/eq8uQ9EnoJg==":"mbr-492x328.jpg","bt2C7yPWalmyw/rdt6CEAQ==":"mbr-1-492x329.jpg","PYLhtUU1/aUh7CmdYluASw==":"mbr-492x327.jpg","8K6MP0aaO0s7W1udKPPuFw==":"mbr-1-492x328.jpg","/yAIgdFs2OZ0juL9kyLLmQ==":"mbr-492x492.jpg","zVhifhJNW2M9kByup7QfVg==":"mbr-492x492.jpeg","m845/VaTBBZs0oI0uCrc6w==":"mbr-1920x1215.jpg","SP9oGfl5S3MyWTZFlprD0g==":"mbr-1920x1271.jpg","MxQcapMXIWfY3jA7UR5FNw==":"mbr-956x456.jpg","xquqopx7EsYY1FlMAm1+vw==":"mbr-1920x1440.jpg","h4cZrm882WTpjsTN4fRa9A==":"mbr-1014x570.jpg","aEANWTr7E4Lt0fhqnxCHdg==":"mbr-436x280.jpg","TVF2weZ301EmnTM7CR1uBA==":"mbr-1-984x656.jpg","/pZ5GKeOV+s2DfOuKuNNVg==":"mbr-1920x1920.jpg","Rw/8bzvjbrkAkQik61q44A==":"mbr-1-1920x1280.jpg","JXllNwultWalpkp5VUBIkQ==":"mbr-1920x1312.jpg","/AmZBcRd80Wllo4uL3T33w==":"mbr-1920x1281.jpg","N9Hqdotpww1YRXXUAJP8lA==":"mbr-1368x513.jpg","5noC9Uin01wgLeg9TC+c0w==":"mbr-1-1920x1281.jpg","YXtgfqm25Qf+GmnMENsH8w==":"creciente-fertil-960x720.jpg","rQXChzUY7m6CmnifsXC24A==":"mbr-2-1920x1280.jpg","Jcv+/tG8y5RlMKXbVS/r2g==":"mbr-3-1920x1280.jpg","aWBUXPS5/GzJoWE/uspViw==":"mbr-4-1920x1280.jpg","AgZr5dhYHYIvXfMvNAKc1A==":"mbr-5-1920x1280.jpg","Raxf3ZTP3klQ3Bs9Ou6ypA==":"mbr-6-1920x1280.jpg","cxAggBNGq4Ka38cLqBLiog==":"mbr-1920x1279.jpg","dWEnW6eieqs/2aSOeo7Cbw==":"mbr-1-1920x1440.jpg","yBrENZ+HwQdix3OH4jtWzw==":"mbr-1920x1591.jpg","sXTrEC1XsyGwFl9MoZja6g==":"mbr-1920x1275.jpg","bHQG5e34nI+Gd7pvNichCQ==":"grecia-1200x1174.jpg","JavlZVHjHdwAMpz7t+A4BQ==":"mbr-1920x1080.jpg","XLCI+nF9BMqs2RJxhDuvqQ==":"mbr-2-1920x1440.jpg","0Hj7Fqfxa8E7xueLQLFj7A==":"mbr-1920x1334.jpg","gjyG7KnSSrnJs/6CEMgEbA==":"mbr-1368x912.jpg","LdGix5xB36ZreAeDvel25g==":"mbr-7-1920x1280.jpg","PDIQZ4+zsd+td0hptfILXg==":"mbr-8-1920x1280.jpg","uDFEHzofRdihVvPdG/+Zzg==":"mbr-2-984x656.jpg","IvJBGMT6wJKwP1BQr7Fo7g==":"mbr-9-1920x1280.jpg","HoLBkK1wqnfGCPxmsDfJdA==":"mbr-10-1920x1280.jpg","3M4MQU0q0npzXtYqEmfugg==":"mbr-1920x1262.jpg","23GiVH+ER/f6/4JZWW+bCg==":"mbr-1920x1196.jpg","Iiwwz5OGtPlZ/jMDEaoR/A==":"mbr-1920x1416.jpg","vmrQvcVK7iFzd/GIJNgRfA==":"mbr-1920x1357.jpg","JT0rAAiCGLTgUbdZ+SDw+Q==":"mbr-1920x1358.jpg","KVWVYAzM2tSR/5/GKvbEvQ==":"mbr-1-1920x1271.jpg","HITb/+i3xc7FFjQzBWU97w==":"mbr-1-1920x1357.jpg","7vO+xuZ3TnF+Fmd429GRZA==":"mbr-2-1920x1281.jpg","evmIvVLOPkt7M1bBG54fHQ==":"mbr-1920x1280.jpg","sT80Y4RCGNBrSInGgrjIuA==":"background3-1.jpg","HMdjL0MnJwCknXu1Jy7eDA==":"mbr-1920x1243.jpg","X5uvU1Xmq5Nv3sgaMJK3Tg==":"mbr-1368x911.jpg","uCXh7Qs1BaamYuqM4zNe/w==":"mbr-1920x1272.jpg","BaFb/JS3o/udzuJ52rIoqQ==":"mbr-856x571.jpg","bTBLboNYLWH3UuCinUq8/g==":"mbr-856x576.jpg","rFzZfSCuiVhSdZ+fjh7/Sw==":"mbr-1920x1277.jpg","kfi1GBHr3cyY8d3vTBxzBQ==":"mbr-1920x1388.jpg","4IrCGiHg7ekSjpSRBwDKlA==":"mbr-1920x1437.jpg","ByTo3VOnpgTj1zEUWbTSAg==":"mbr-1920x1252.jpg","Wggucu6PFoJ8nTG/oMbU4w==":"mbr-4-1920x1280.jpg","ZRYu0dmO3kHt7ouA9Evp3w==":"mbr-1920x1586.jpg","yWK4/Ppfmk+3sa0Z7LxGyw==":"mbr-1920x1301.jpg","XcF+5RkFYXzFkxT2c2Vsag==":"pet09p038.gif","RiwoXvVDKD0Tazh1ab6nuQ==":"mbr-626x470.jpg","w3a0pE+unvEZJa7U4eMK+g==":"mbr-1920x1266.jpg","Kra0yx8DiKvH5+Is2pom0A==":"mbr-1920x575.jpg","7Uuwp3iUH/tXxVz7+rg+tw==":"mbr-1920x1142.jpg","gI4D4YiphdF+0wtLPmWQfg==":"mbr-3-1920x1440.jpg","+0OGry3KCANGJSclEIlIAQ==":"mbr-912x608.jpg","CrINm3Be4/Lvi/dwE5CvRw==":"mbr-1920x1152.jpg","7hJ8lcg5q39ohX8riSZs7g==":"mbr-1600x1200.jpg","/fwsl3jsPNqCorlIRYg4jw==":"mbr-1920x1190.jpg","1r0Vf0PDei2Z5IpRrDNlVw==":"mbr-1-1920x1276.jpg","RbypkOoLRCBYe3zMqQGfgA==":"mbr-11-1920x1280.jpg","MuH0tN6MlZrbqouQkoL0zA==":"mbr-4-1920x1440.jpg","2kyyeVft//+eBt34IER++Q==":"mbr-1920x1082.jpg","kS/OYBT+mPTQud0lodyQXg==":"mbr-1-1920x1080.jpg","jWrW2xTO6fEry+ERxtf+QA==":"mbr-1920x1195.jpg","rdYE/6X5SV6fb1mqHOeuhQ==":"mbr-5-1920x1440.jpg","EbZrNsmbIghdWLNj/HmoIw==":"mbr-2-1920x1080.jpg","+vskM30KHl0gtfOMB7MztA==":"mbr-1-1920x1279.jpg","b1VgyZtjf8+He6lRTNWxMw==":"mbr-1920x954.jpg","/P1cnSqHdcHs7oTn0PXVZQ==":"mbr-3-1920x1080.jpg","VeEGtVzHQVLAQ0M1kZ/zpg==":"mbr-1920x1282.jpg","RODiPJE/Rm1Ku3TwKM5ywQ==":"mbr-3-1920x1281.jpg","7PqOYPwq7fvy4uS7CZy0Zg==":"mbr-1920x1186.jpg","qsUPNWMh4ma8a1hRhmnlVg==":"mbr-12-1920x1280.jpg","xyVTrBmMj6MP3wxet+SbFw==":"mbr-13-1920x1280.jpg","/06jgWDnUArHFhvf6VUniQ==":"mbr-6-1920x1440.jpg","3s0Rp1vVanlp44xDmrwXug==":"mbr-14-1920x1280.jpg","aSu0nsBXQ//WufSWy+0CRA==":"mbr-15-1920x1280.jpg","opb84te1vzI3EWN2pmWOEg==":"mbr-1920x1330.jpg","WKBScCtlsSBAT8yZI6dDmA==":"mbr-16-1920x1280.jpg","rc/yULF3KJrkQ/9j2z9OEg==":"mbr-1920x1200.jpg","rYAMefNozAKN+I5O+tBvVg==":"mbr-17-1920x1280.jpg","57hpqe6qBbVPfESJr6jBGA==":"mbr-2-492x328.jpg","lA9uFynQyndF1gAv4cMmFw==":"mbr-492x319.jpg","Hj7uaHtFykan58IxenPb3w==":"mbr-1-492x327.jpg","LowY9ghGqeDr8wcFu7Bb7g==":"mbr-492x246.jpg","cm9yBLm1/qQnLm7kTKm2YA==":"mbr-3-492x328.jpg","y4TfWr8Phrmyjq6Sz8rXow==":"mbr-4-492x328.jpg","xlY3Xx7tTHxvOz7tK/FBJQ==":"mbr-492x369.jpg","ew8iqDoUZax4WYrFmrL+YQ==":"mbr-5-492x328.jpg","CIuc+hYeTHlw3NLOCw3Xmg==":"mbr-2-492x327.jpg","Zf4Zm5kZk962R5N49iSyWQ==":"mbr-1-1920x1152.jpg","dOlVtlW7acPG15KMaWu45Q==":"mbr-1536x1022.jpg","S57fH+fexwnsBx7THY76TQ==":"mbr-18-1920x1280.jpg","iMAunyuvTR/Jwh5VZZMthA==":"mbr-4-1920x1080.jpg","tgssCnB78fGk7uXZATwWNQ==":"mbr-1920x1362.jpg","ov93eebR4+XldARIxYQrIQ==":"mbr-19-1920x1280.jpg","HupvysvuZajPGGfyHF7Aqw==":"mbr-5-1920x1080.jpg","7UnZ6HSszneY91ly2QFg2w==":"mbr-1-1920x1284.jpg","JGIUW37ekc4og7obgYPbgg==":"mbr-1920x1304.jpg","dLIAQ1MTjfQTF3oPNxqCTQ==":"mbr-1368x969.jpg","74wtvDT+HECyjD3YiVpZKg==":"mbr-20-1920x1280.jpg","DLKx02yCgx1IVKldPOgR8A==":"mbr-4-1920x1281.jpg","E+FmWHKnXwIYy6u1mx/dIw==":"mbr-2-1920x1357.jpg","mkNI3nPX+vd3g4Q8K73hnQ==":"mbr-1920x960.jpg","Ds2k3K68jI2JK11gD/9gQg==":"mbr-21-1920x1280.jpg","AWSelG9DyJ37G4rUmcFk9g==":"mbr-22-1920x1280.jpg","xMcCmRBRqAg0v8HgciRe0g==":"mbr-23-1920x1280.jpg","deI65g7+3NLeDtXUTih7Hw==":"screenshot-2-472x354.png","kLOWwVDsAm2UtB4Ee9e17w==":"mbr-2-1920x1357.jpeg","+fb77Ogavu5cSXQ8AjfzeA==":"mbr-1-1920x1200.jpg","0Hr1Rq6uLfo6R5IxuNBlOQ==":"mbr-912x596.jpg","AWnj0rinohKR43FToV9E3Q==":"mbr-24-1920x1280.jpg","vguf/R1Tg6ayHFECpBQS9A==":"mbr-1920x1317.jpg","Hm0IiV8bl2ZPWJF0KB9ldQ==":"mbr-1920x1360.jpg","1YdUBlPOOu9sAmsTOblx0Q==":"mbr-7-1920x1440.jpg","fSXScE7wI5BtmGwQcMdeKQ==":"mbr-1920x1287.jpg","D0L1hh/BirBRGdIIZ9W8vQ==":"mbr-1-984x657.jpg","DXNU841Li5ZijAvMmNJqxg==":"mbr-25-1920x1280.jpg","u1wnHeEVwUb2/SG9Qfg1DQ==":"mbr-1-1920x1277.jpg","3JcIrGtLzgauk8D6cG17cA==":"mbr-26-1920x1280.jpg","GVms/o8wZob5rEXTH+wM+g==":"mbr-1920x1285.jpg","ow17Rt0rqX/Pvg7l4HiGhw==":"mbr-21-1920x1280.jpeg","gLBuoRutVBfyqLFnu3/Z4w==":"mbr-27-1920x1280.jpg","mGNEHwsLJBQp8JOytcPIAw==":"mbr-28-1920x1280.jpg","hoQjBRzaz4IoPOl0Fa6rYA==":"mbr-2-1920x1277.jpg","0kv0n9rK9gw+1XneBcYJhQ==":"mbr-1859x1920.jpg","MvMKiFMQC9sJzhkmmT/TgQ==":"mbr-3-1920x1277.jpg","qhqtEAQXFT0v9k53QLPPJA==":"mbr-1920x960.jpeg","rdkh+ipE74mSNCftrhd8XA==":"mbr-6-1920x1080.jpg","/5zY6EwcrO5UYnhdv2YPJA==":"mbr-5-1920x1281.jpg","Q9q7gvmHWID+Wx8GDX3eEg==":"mbr-2-1920x1276.jpg","LcII4w/+4fsP+hbIWHaTxg==":"mbr-2-1920x1200.jpg","gJ2NKGc2fA5VgjpJvp2PrA==":"mbr-3-1920x1200.jpg","nqdKuFtEmFpP4bb3DcSRKg==":"mbr-1-1920x960.jpg","RTouYc9X6bdhpQPa5XINJw==":"mbr-29-1920x1280.jpg","/y+0f+m3XT3/702KKiMhMQ==":"mbr-7-1920x1080.jpg","fULSt7dY+bIR3rG38jeI5Q==":"mbr-30-1920x1280.jpg","cv9c/Q+1pT4gweYZwYhecQ==":"mbr-31-1920x1280.jpg","x3XNtZzWR7jYtSS89qfJkA==":"mbr-8-1920x1080.jpg","FFT8Zwkc2gHJYCgv/VQdqg==":"mbr-9-1920x1080.jpg","H+a88CxbhEpqjOfd/I/Ocg==":"mbr-8-1920x1440.jpg","71H42//Aewu6fWG1vmxYhA==":"mbr-1920x1333.jpg","Joo3canmYWR2cf1IafYyYw==":"mbr-10-1920x1080.jpg","nzM7fc5/WNqJPaxOiJOi7Q==":"mbr-1920x1278.jpg","mV0hFwzryzPc0rUkOvUN9g==":"mbr-2-1920x1279.jpg","w3NnOO22xzYtZo8mfLCCpw==":"mbr-2-1920x960.jpg","s8XYNnDO7QEtlP8859tHfw==":"mbr-32-1920x1280.jpg","+KTxSY8v5E5vOEEQn8er9g==":"mbr-11-1920x1080.jpg"}